loan_id,no_of_dependents,education,self_employed,income_annum,loan_amount,loan_term,cibil_score,residential_assets_value,commercial_assets_value,luxury_assets_value,bank_asset_value,loan_status
1,2,Graduate,No,2400000,7475000,12,778,600000,4400000,5675000,2000000,Approved
2,0,Not Graduate,Yes,1025000,3050000,8,417,675000,550000,2200000,825000,Rejected
3,3,Graduate,No,2275000,7425000,20,506,1775000,1125000,8325000,3200000,Rejected
4,3,Graduate,No,2050000,7675000,8,467,4550000,825000,5825000,1975000,Rejected
5,5,Not Graduate,Yes,2450000,6050000,20,382,3100000,2050000,7350000,1250000,Rejected
6,0,Graduate,Yes,1200000,3375000,10,319,1700000,2075000,3425000,1275000,Rejected
7,5,Graduate,No,2175000,8250000,4,678,5625000,3700000,7300000,1075000,Approved
8,2,Graduate,Yes,1425000,3750000,20,382,3300000,1425000,2950000,1500000,Rejected
9,0,Graduate,Yes,200000,550000,20,782,325000,200000,700000,150000,Approved
10,5,Not Graduate,No,275000,1075000,10,388,800000,350000,825000,400000,Rejected
11,4,Graduate,Yes,725000,2800000,2,547,2025000,1175000,2375000,775000,Approved
12,2,Not Graduate,Yes,1675000,5675000,18,538,3825000,1450000,5100000,1600000,Rejected
13,3,Not Graduate,Yes,1250000,2900000,16,311,1600000,2400000,3650000,1075000,Rejected
14,2,Graduate,Yes,2275000,7875000,14,679,2700000,4150000,5225000,1250000,Approved
15,1,Not Graduate,No,475000,1850000,6,469,475000,300000,1475000,475000,Rejected
16,5,Not Graduate,No,1175000,2675000,10,794,1425000,975000,4100000,1100000,Approved
17,2,Graduate,Yes,125000,400000,4,663,325000,25000,325000,175000,Approved
18,4,Not Graduate,Yes,725000,2350000,14,780,725000,700000,1675000,1075000,Approved
19,2,Graduate,No,675000,2575000,10,736,250000,0,1550000,825000,Approved
20,5,Graduate,No,1575000,3650000,12,652,2575000,875000,5875000,1475000,Approved
21,2,Graduate,No,1250000,4850000,12,315,2375000,400000,4500000,1525000,Rejected
22,4,Graduate,No,1450000,3500000,16,530,950000,2825000,5550000,1350000,Rejected
23,4,Graduate,Yes,1625000,6425000,18,311,3275000,425000,4875000,2125000,Rejected
24,0,Not Graduate,Yes,125000,350000,2,551,225000,150000,275000,75000,Approved
25,0,Not Graduate,No,1225000,2450000,16,324,950000,2175000,2500000,825000,Rejected
26,5,Not Graduate,No,775000,2375000,20,514,1975000,775000,1650000,650000,Rejected
27,4,Graduate,No,2050000,7025000,12,696,2875000,2650000,6325000,1800000,Approved
28,4,Not Graduate,Yes,600000,1400000,4,662,1125000,1050000,1350000,625000,Approved
29,5,Not Graduate,Yes,1750000,6000000,6,336,575000,2975000,6875000,2425000,Rejected
30,3,Not Graduate,Yes,2250000,7875000,10,850,5450000,3100000,8425000,2000000,Approved
31,2,Not Graduate,No,2450000,6325000,12,313,5050000,1300000,6375000,2325000,Rejected
32,2,Graduate,No,1425000,3000000,6,363,900000,1850000,5425000,1075000,Rejected
33,1,Not Graduate,Yes,200000,400000,10,436,175000,50000,550000,250000,Rejected
34,5,Not Graduate,Yes,2100000,5500000,2,830,950000,975000,4975000,1350000,Approved
35,3,Graduate,No,1225000,2975000,8,612,2425000,300000,4750000,1450000,Approved
36,2,Graduate,Yes,425000,850000,8,691,675000,700000,1500000,225000,Approved
37,3,Not Graduate,No,400000,1550000,18,636,850000,175000,1325000,350000,Approved
38,5,Graduate,Yes,2000000,6800000,6,348,1600000,75000,4175000,1775000,Rejected
39,5,Graduate,No,900000,1925000,16,830,1750000,325000,2500000,725000,Approved
40,3,Not Graduate,Yes,375000,1275000,6,352,25000,50000,1400000,225000,Rejected
41,1,Graduate,No,1950000,4525000,2,712,2150000,2800000,5425000,2250000,Approved
42,2,Not Graduate,No,2275000,6225000,16,822,5575000,3025000,7750000,1300000,Approved
43,3,Graduate,No,350000,850000,6,540,50000,375000,975000,200000,Rejected
44,2,Graduate,Yes,200000,575000,12,342,550000,325000,450000,200000,Rejected
45,5,Graduate,No,1625000,3350000,18,787,4550000,75000,4050000,1350000,Approved
46,4,Graduate,No,2000000,6950000,16,331,3250000,1575000,5350000,2725000,Rejected
47,3,Not Graduate,Yes,1050000,3650000,6,679,600000,1725000,2175000,1225000,Approved
48,1,Graduate,Yes,1225000,4775000,14,677,1350000,2275000,4425000,1625000,Approved
49,3,Not Graduate,No,1375000,5125000,12,634,200000,2150000,4625000,2050000,Approved
50,1,Not Graduate,Yes,2375000,4775000,16,662,25000,2625000,9425000,2925000,Approved
51,4,Graduate,No,1825000,6350000,16,502,125000,450000,5125000,2625000,Rejected
52,2,Graduate,No,2175000,6175000,10,435,1700000,875000,5450000,2825000,Rejected
53,5,Not Graduate,No,950000,1900000,4,689,2175000,25000,2325000,850000,Approved
54,1,Not Graduate,Yes,2100000,5750000,12,657,3850000,3700000,7975000,2050000,Approved
55,2,Graduate,Yes,1275000,4925000,20,590,1850000,2325000,4850000,850000,Approved
56,5,Not Graduate,No,1675000,6125000,12,818,300000,1400000,4075000,1550000,Approved
57,2,Not Graduate,No,1075000,2650000,18,431,525000,375000,2325000,1300000,Rejected
58,5,Graduate,Yes,2325000,7625000,18,841,4825000,2575000,8650000,2175000,Approved
59,1,Graduate,No,1850000,4600000,20,421,4625000,2275000,4375000,1025000,Rejected
60,4,Not Graduate,Yes,1375000,4550000,16,797,0,1225000,4650000,1200000,Approved
61,2,Not Graduate,No,2125000,4725000,18,478,5950000,4075000,6475000,2850000,Rejected
62,3,Not Graduate,Yes,2400000,7625000,18,669,1175000,475000,6625000,2325000,Approved
63,5,Not Graduate,Yes,2200000,7225000,6,365,6100000,2150000,6850000,1175000,Rejected
64,3,Not Graduate,Yes,825000,1875000,20,586,400000,1400000,2625000,725000,Approved
65,4,Graduate,Yes,975000,3075000,18,784,1900000,1725000,3275000,700000,Approved
66,1,Graduate,No,1025000,2575000,12,364,2375000,1525000,3725000,700000,Rejected
67,3,Not Graduate,No,2075000,7275000,10,715,1525000,2975000,6025000,2975000,Approved
68,0,Not Graduate,Yes,675000,2525000,20,693,50000,425000,1475000,350000,Rejected
69,4,Graduate,No,1400000,3100000,4,777,1375000,775000,2950000,1375000,Approved
70,0,Graduate,No,475000,1250000,12,312,1000000,700000,1225000,600000,Rejected
71,4,Not Graduate,Yes,125000,375000,20,340,25000,50000,475000,150000,Rejected
72,5,Graduate,Yes,1325000,4650000,4,386,675000,2425000,2975000,1050000,Approved
73,5,Not Graduate,No,1750000,4575000,4,418,4600000,2925000,5375000,1900000,Rejected
74,3,Not Graduate,Yes,1450000,4175000,16,735,975000,2350000,3150000,1400000,Approved
75,2,Not Graduate,No,650000,2100000,6,494,1625000,950000,1400000,500000,Rejected
76,2,Not Graduate,No,475000,1625000,18,671,150000,625000,1200000,275000,Approved
77,4,Graduate,No,1425000,3700000,16,697,3575000,1950000,3225000,1575000,Approved
78,0,Graduate,No,2250000,8375000,8,801,2900000,2225000,8850000,2775000,Approved
79,2,Not Graduate,No,2125000,7350000,12,576,4400000,1400000,6300000,2250000,Approved
80,0,Not Graduate,No,175000,350000,14,639,475000,175000,600000,225000,Approved
81,4,Graduate,No,875000,2225000,4,470,325000,550000,3075000,500000,Rejected
82,0,Not Graduate,No,2200000,7800000,4,826,725000,125000,8325000,2150000,Approved
83,2,Not Graduate,Yes,2475000,5300000,16,363,6375000,2850000,6650000,1700000,Rejected
84,3,Graduate,No,900000,2150000,20,613,2350000,75000,2575000,825000,Approved
85,3,Not Graduate,Yes,750000,2050000,16,713,1325000,1450000,2750000,850000,Approved
86,2,Graduate,No,1700000,5300000,16,439,4275000,1175000,5825000,900000,Rejected
87,5,Not Graduate,Yes,275000,950000,18,387,325000,300000,950000,400000,Rejected
88,1,Not Graduate,Yes,2175000,7075000,8,402,5100000,3400000,6975000,2550000,Rejected
89,4,Graduate,Yes,500000,2000000,6,837,1275000,650000,975000,725000,Approved
90,2,Not Graduate,No,2450000,9400000,10,641,6025000,0,5850000,1900000,Approved
91,4,Graduate,No,1425000,5275000,18,489,125000,1075000,3125000,1500000,Rejected
92,4,Graduate,No,2200000,5175000,18,540,4800000,800000,5600000,3175000,Rejected
93,4,Graduate,No,950000,2225000,4,844,2275000,875000,3275000,1175000,Approved
94,1,Graduate,No,425000,1600000,10,452,225000,275000,1400000,525000,Rejected
95,2,Graduate,No,250000,500000,10,366,300000,100000,800000,325000,Rejected
96,5,Graduate,No,75000,275000,2,300,25000,125000,175000,100000,Approved
97,2,Graduate,Yes,1650000,3750000,18,470,300000,1200000,4550000,1750000,Rejected
98,2,Not Graduate,No,2175000,6250000,20,861,3675000,2125000,5800000,1825000,Approved
99,4,Graduate,No,2350000,7350000,12,562,6475000,3800000,9100000,1775000,Approved
100,0,Graduate,No,1100000,2700000,14,463,600000,1200000,3450000,1175000,Rejected
101,4,Not Graduate,No,100000,225000,12,478,175000,25000,300000,25000,Rejected
102,2,Not Graduate,Yes,75000,275000,2,702,75000,50000,125000,50000,Approved
103,2,Not Graduate,Yes,1075000,3225000,20,618,2850000,900000,2850000,600000,Approved
104,4,Graduate,No,400000,1125000,12,633,175000,425000,1025000,475000,Approved
105,5,Not Graduate,Yes,1550000,5900000,10,331,4625000,2575000,5950000,2175000,Rejected
106,3,Not Graduate,Yes,1050000,2425000,16,841,1950000,75000,4175000,1275000,Approved
107,4,Not Graduate,Yes,2250000,4525000,12,764,150000,4125000,5200000,2900000,Approved
108,0,Graduate,No,675000,2650000,6,591,325000,675000,2475000,450000,Approved
109,1,Graduate,Yes,2425000,8975000,2,719,4900000,1900000,5100000,2725000,Approved
110,2,Graduate,No,825000,1700000,14,317,850000,75000,2925000,900000,Rejected
111,0,Not Graduate,No,75000,275000,8,778,200000,50000,225000,25000,Approved
112,3,Graduate,Yes,1850000,4550000,14,302,1400000,775000,4475000,1250000,Rejected
113,5,Not Graduate,No,1775000,4925000,8,502,1825000,1400000,6325000,2450000,Rejected
114,5,Not Graduate,Yes,1825000,5525000,18,879,4875000,2650000,4825000,2450000,Approved
115,1,Not Graduate,No,2100000,5850000,14,437,3850000,1450000,8350000,2025000,Rejected
116,0,Not Graduate,Yes,825000,2700000,12,797,150000,1500000,1925000,825000,Approved
117,4,Not Graduate,Yes,1450000,5800000,18,456,4025000,1050000,5650000,1875000,Rejected
118,0,Not Graduate,No,150000,400000,6,647,375000,150000,375000,175000,Approved
119,0,Not Graduate,No,1800000,3950000,12,379,3175000,3050000,5375000,900000,Rejected
120,1,Not Graduate,Yes,2275000,8225000,2,717,550000,500000,5900000,1475000,Approved
121,5,Graduate,No,225000,575000,16,545,25000,50000,675000,200000,Rejected
122,2,Graduate,No,200000,800000,8,317,75000,250000,500000,225000,Rejected
123,1,Not Graduate,No,2125000,8225000,10,570,1275000,1550000,5125000,1375000,Approved
124,0,Not Graduate,Yes,2250000,4675000,18,865,6700000,0,5225000,2825000,Approved
125,3,Graduate,No,1750000,4875000,14,719,3050000,2575000,4550000,2550000,Approved
126,3,Graduate,No,50000,150000,16,821,100000,25000,125000,25000,Approved
127,4,Not Graduate,Yes,100000,200000,10,859,225000,125000,200000,50000,Approved
128,3,Not Graduate,No,1275000,4550000,10,395,25000,2000000,3875000,1575000,Rejected
129,2,Not Graduate,Yes,175000,650000,12,429,400000,325000,675000,200000,Rejected
130,3,Graduate,No,100000,300000,12,861,50000,150000,275000,50000,Approved
131,0,Not Graduate,Yes,2375000,5200000,14,565,3775000,2975000,8475000,3350000,Approved
132,5,Graduate,No,2200000,5650000,10,357,1975000,2150000,4550000,1225000,Rejected
133,3,Not Graduate,Yes,450000,900000,18,465,150000,125000,1350000,650000,Rejected
134,4,Not Graduate,Yes,1700000,3475000,8,479,2925000,2275000,6425000,2400000,Rejected
135,3,Not Graduate,No,375000,1375000,16,717,525000,200000,1100000,325000,Approved
136,3,Graduate,No,400000,1375000,12,425,150000,200000,1350000,225000,Rejected
137,2,Not Graduate,No,1150000,4175000,2,786,50000,1475000,3475000,1525000,Approved
138,5,Not Graduate,Yes,550000,1675000,6,382,1100000,325000,2150000,275000,Rejected
139,3,Not Graduate,Yes,725000,2125000,12,564,250000,775000,1875000,450000,Approved
140,0,Graduate,No,50000,175000,8,501,125000,50000,175000,25000,Rejected
141,2,Not Graduate,Yes,625000,2350000,10,727,1650000,1025000,2375000,825000,Approved
142,4,Not Graduate,No,900000,1875000,6,894,275000,1625000,1850000,700000,Approved
143,0,Graduate,Yes,1375000,4175000,18,829,1375000,325000,3200000,1475000,Approved
144,4,Not Graduate,No,1650000,4350000,20,506,650000,2500000,6475000,1800000,Rejected
145,2,Graduate,Yes,2150000,8025000,6,802,2350000,4175000,6125000,2450000,Approved
146,5,Not Graduate,No,150000,375000,14,543,75000,225000,525000,75000,Rejected
147,3,Graduate,Yes,350000,800000,20,772,600000,225000,1275000,400000,Approved
148,3,Graduate,No,1000000,2775000,12,572,2425000,25000,3125000,600000,Approved
149,0,Not Graduate,Yes,1225000,2975000,16,709,3650000,225000,4625000,950000,Approved
150,5,Graduate,No,500000,1550000,18,402,1000000,525000,1800000,275000,Rejected
151,1,Not Graduate,Yes,1300000,4825000,8,481,3575000,2375000,4700000,1050000,Rejected
152,5,Graduate,Yes,2225000,7200000,6,772,3400000,1375000,5100000,2100000,Approved
153,1,Graduate,Yes,1625000,5150000,2,306,3975000,475000,4525000,800000,Approved
154,2,Not Graduate,No,325000,1125000,6,415,0,225000,725000,300000,Rejected
155,3,Not Graduate,No,2350000,8750000,16,548,4550000,1100000,9025000,1200000,Rejected
156,5,Not Graduate,No,1250000,2800000,8,701,2275000,125000,3500000,1150000,Approved
157,2,Graduate,No,750000,1925000,12,890,1175000,1075000,2100000,525000,Approved
158,5,Not Graduate,Yes,2475000,8325000,6,364,1325000,4675000,6950000,2075000,Rejected
159,5,Graduate,Yes,175000,325000,20,704,400000,0,550000,150000,Approved
160,3,Graduate,Yes,1000000,2650000,10,318,375000,1275000,2000000,1225000,Rejected
161,5,Not Graduate,No,775000,2400000,2,761,1450000,450000,2600000,1050000,Approved
162,4,Not Graduate,No,1125000,3775000,6,693,925000,375000,4450000,1500000,Approved
163,3,Not Graduate,No,2425000,5150000,16,524,6050000,2775000,6850000,1525000,Rejected
164,2,Not Graduate,Yes,500000,1325000,10,681,1225000,350000,1075000,725000,Approved
165,2,Graduate,Yes,2025000,5575000,18,737,5575000,3150000,6750000,1825000,Approved
166,0,Not Graduate,No,1425000,3975000,16,638,25000,2375000,4075000,1125000,Approved
167,4,Not Graduate,No,1450000,3200000,2,656,125000,1250000,4000000,700000,Approved
168,1,Graduate,No,450000,1625000,6,540,625000,800000,1250000,275000,Rejected
169,4,Not Graduate,Yes,2275000,8800000,6,341,250000,75000,5775000,2050000,Rejected
170,0,Not Graduate,Yes,1200000,4375000,2,371,2925000,1700000,4675000,875000,Approved
171,3,Not Graduate,Yes,950000,2625000,12,886,1000000,125000,3725000,575000,Approved
172,0,Not Graduate,No,475000,1025000,18,801,100000,200000,1200000,300000,Approved
173,3,Not Graduate,Yes,900000,2375000,16,748,1925000,600000,2425000,650000,Approved
174,2,Not Graduate,Yes,1850000,7050000,8,376,5475000,1250000,4350000,1300000,Rejected
175,4,Not Graduate,Yes,1650000,3575000,8,371,2700000,2375000,4625000,1850000,Rejected
176,2,Graduate,No,450000,1325000,6,826,1125000,175000,1625000,325000,Approved
177,4,Not Graduate,No,2300000,6800000,12,873,1125000,450000,8450000,2850000,Approved
178,5,Not Graduate,Yes,600000,2150000,8,309,125000,150000,1425000,700000,Rejected
179,4,Not Graduate,No,1400000,3325000,20,869,825000,1875000,5000000,1625000,Approved
180,5,Graduate,No,950000,3475000,12,534,1175000,725000,2050000,700000,Rejected
181,3,Not Graduate,Yes,1125000,4475000,6,787,2450000,900000,3575000,1050000,Approved
182,0,Graduate,Yes,225000,550000,16,566,25000,175000,500000,150000,Approved
183,0,Not Graduate,No,700000,2475000,8,742,1225000,325000,1675000,425000,Approved
184,2,Not Graduate,No,1875000,5775000,4,824,3025000,2725000,6575000,2375000,Approved
185,4,Graduate,No,350000,775000,14,575,750000,525000,1225000,350000,Approved
186,2,Graduate,Yes,950000,2725000,10,766,475000,975000,2150000,750000,Approved
187,1,Not Graduate,Yes,425000,1250000,10,888,725000,225000,1025000,550000,Approved
188,3,Graduate,Yes,2250000,7600000,6,638,4200000,2750000,6725000,2300000,Approved
189,5,Not Graduate,Yes,1825000,5825000,6,622,1775000,2900000,6600000,2625000,Approved
190,1,Not Graduate,No,1850000,4950000,18,458,3150000,1550000,6925000,1000000,Rejected
191,1,Not Graduate,No,2250000,7050000,16,327,425000,575000,6000000,2800000,Rejected
192,0,Not Graduate,No,750000,1625000,2,612,2200000,850000,1675000,425000,Approved
193,1,Graduate,No,200000,725000,8,682,550000,275000,725000,175000,Approved
194,2,Graduate,No,1200000,3300000,2,583,3425000,1450000,2375000,1300000,Approved
195,5,Not Graduate,No,1600000,4575000,8,697,2500000,900000,5625000,900000,Approved
196,3,Graduate,No,2300000,6775000,12,306,1450000,2875000,7000000,2400000,Rejected
197,4,Not Graduate,Yes,100000,375000,2,669,0,150000,225000,125000,Approved
198,2,Not Graduate,No,700000,1500000,18,816,1575000,1050000,2000000,850000,Approved
199,4,Not Graduate,Yes,2125000,7225000,20,455,3800000,1450000,5625000,2350000,Rejected
200,3,Graduate,Yes,1175000,4100000,10,318,2850000,2025000,4050000,1075000,Rejected
201,4,Not Graduate,Yes,2450000,5300000,20,355,5500000,2225000,7950000,3600000,Rejected
202,2,Not Graduate,Yes,950000,2225000,16,389,50000,1400000,3050000,550000,Rejected
203,2,Graduate,No,125000,375000,2,888,375000,75000,375000,150000,Approved
204,2,Graduate,Yes,1725000,3900000,6,352,3250000,1325000,5650000,2500000,Rejected
205,4,Not Graduate,Yes,2400000,7525000,12,870,75000,1675000,9550000,1400000,Approved
206,3,Not Graduate,No,725000,1625000,18,827,2075000,150000,2600000,800000,Approved
207,2,Graduate,No,2450000,5225000,12,768,850000,2550000,9650000,3350000,Approved
208,0,Graduate,No,1775000,3850000,18,707,2575000,2700000,4900000,1450000,Approved
209,1,Not Graduate,Yes,1925000,4775000,10,355,2825000,1225000,5475000,1650000,Rejected
210,3,Graduate,No,350000,825000,2,652,25000,525000,875000,475000,Approved
211,3,Graduate,No,1950000,3975000,2,665,3600000,225000,6800000,1350000,Approved
212,5,Not Graduate,Yes,425000,1500000,18,420,125000,400000,925000,575000,Rejected
213,2,Not Graduate,No,2125000,8175000,18,471,3150000,2350000,8475000,3125000,Rejected
214,5,Not Graduate,No,475000,1875000,20,715,1275000,700000,1625000,700000,Approved
215,2,Not Graduate,Yes,1675000,3800000,10,689,0,2050000,3750000,1700000,Approved
216,3,Graduate,Yes,1725000,4100000,4,787,2775000,1525000,6600000,950000,Approved
217,2,Graduate,No,650000,1950000,4,819,775000,1075000,1425000,375000,Approved
218,4,Graduate,Yes,2400000,5275000,6,809,4025000,2375000,8675000,2175000,Approved
219,1,Not Graduate,Yes,1700000,4250000,2,744,3875000,975000,5925000,875000,Approved
220,0,Not Graduate,No,800000,2825000,6,484,875000,1375000,2125000,525000,Rejected
221,4,Not Graduate,No,725000,2600000,6,673,1275000,425000,2650000,425000,Approved
222,3,Graduate,Yes,1975000,5300000,18,695,3450000,2650000,5450000,1225000,Approved
223,4,Not Graduate,Yes,975000,3100000,12,473,1600000,1175000,3275000,950000,Rejected
224,4,Graduate,Yes,1150000,2750000,2,491,2250000,1000000,4025000,875000,Rejected
225,3,Not Graduate,Yes,175000,425000,8,733,300000,200000,600000,125000,Approved
226,0,Not Graduate,No,1300000,3900000,20,434,3525000,1450000,4525000,1375000,Rejected
227,3,Not Graduate,Yes,1475000,5150000,10,777,475000,1150000,5300000,1600000,Approved
228,4,Graduate,No,1800000,4775000,4,774,2350000,1750000,4475000,900000,Approved
229,1,Not Graduate,Yes,2175000,6750000,10,717,6375000,2150000,4375000,2275000,Approved
230,3,Not Graduate,Yes,275000,875000,12,503,750000,100000,550000,300000,Rejected
231,1,Graduate,Yes,1000000,2725000,14,598,900000,1650000,3400000,1100000,Approved
232,2,Graduate,No,2450000,8100000,2,543,6050000,4375000,6425000,1925000,Approved
233,0,Not Graduate,Yes,675000,1700000,20,796,175000,1050000,1750000,475000,Approved
234,3,Not Graduate,Yes,2200000,8650000,8,386,3700000,4125000,4600000,1500000,Rejected
235,5,Not Graduate,Yes,825000,1950000,16,632,2125000,125000,1775000,1225000,Approved
236,1,Graduate,Yes,1725000,5850000,4,481,4675000,275000,5850000,2550000,Approved
237,3,Graduate,Yes,225000,875000,4,770,175000,0,500000,150000,Rejected
238,3,Graduate,Yes,1025000,3875000,6,667,700000,400000,3675000,1000000,Approved
239,3,Not Graduate,Yes,1175000,4375000,8,585,300000,775000,2400000,1225000,Approved
240,5,Graduate,Yes,850000,2900000,16,479,2300000,1425000,2800000,600000,Rejected
241,2,Graduate,No,2400000,5625000,18,851,1850000,4050000,6075000,3175000,Approved
242,3,Not Graduate,Yes,1750000,4050000,6,378,5000000,3150000,5075000,1375000,Rejected
243,5,Graduate,No,1425000,3225000,18,807,1025000,225000,4650000,1375000,Approved
244,1,Not Graduate,Yes,2050000,8100000,18,831,5700000,3075000,4425000,1950000,Approved
245,2,Not Graduate,No,525000,1275000,12,674,550000,800000,1600000,600000,Approved
246,1,Not Graduate,Yes,2000000,7025000,18,725,475000,3200000,5750000,1875000,Approved
247,2,Not Graduate,No,2000000,7325000,4,600,4125000,3300000,7350000,1625000,Approved
248,0,Not Graduate,Yes,2350000,6750000,10,536,1100000,425000,8450000,1200000,Rejected
249,0,Graduate,No,2100000,5150000,10,477,375000,375000,6250000,2975000,Rejected
250,1,Not Graduate,Yes,475000,1250000,6,560,250000,475000,1575000,350000,Approved
251,0,Not Graduate,Yes,1050000,4100000,20,539,2375000,525000,2850000,775000,Rejected
252,5,Graduate,No,650000,2275000,8,852,925000,175000,2575000,825000,Approved
253,3,Not Graduate,No,925000,2125000,20,853,2075000,1425000,1875000,1225000,Approved
254,0,Graduate,No,2200000,7725000,12,729,425000,175000,6425000,2850000,Approved
255,2,Not Graduate,No,525000,1175000,2,546,1500000,800000,1425000,375000,Rejected
256,3,Graduate,Yes,225000,600000,10,489,200000,0,700000,125000,Rejected
257,3,Graduate,Yes,2450000,8850000,6,869,3600000,4100000,5700000,2575000,Approved
258,2,Not Graduate,No,2000000,5000000,2,502,1025000,550000,7900000,2475000,Rejected
259,0,Graduate,No,2450000,9700000,8,652,5800000,4750000,7425000,1350000,Approved
260,0,Not Graduate,Yes,75000,275000,8,789,100000,25000,200000,100000,Approved
261,4,Not Graduate,No,675000,2025000,4,325,1250000,200000,2475000,850000,Approved
262,3,Graduate,Yes,1850000,4900000,2,716,1025000,2225000,7275000,1050000,Approved
263,3,Graduate,No,2300000,8575000,18,523,6400000,1000000,7275000,2200000,Rejected
264,5,Not Graduate,No,2375000,5550000,20,352,6125000,0,7700000,1750000,Rejected
265,5,Graduate,Yes,950000,3600000,2,345,825000,200000,3250000,1175000,Approved
266,0,Graduate,No,2075000,4850000,18,649,625000,4025000,6075000,2825000,Approved
267,2,Graduate,Yes,700000,1850000,18,666,25000,575000,1575000,850000,Approved
268,0,Graduate,No,2150000,5225000,10,813,2825000,2975000,6500000,1200000,Approved
269,0,Not Graduate,No,1350000,4200000,10,599,1325000,1850000,3625000,1900000,Approved
270,5,Graduate,Yes,1050000,2350000,6,678,1175000,1375000,2475000,1425000,Approved
271,5,Not Graduate,No,1300000,3050000,20,513,3350000,500000,4200000,1350000,Rejected
272,5,Graduate,No,2350000,6975000,4,870,275000,50000,7375000,2600000,Approved
273,3,Graduate,No,2200000,5100000,8,483,800000,2850000,7050000,2950000,Rejected
274,1,Graduate,Yes,1475000,4175000,16,308,1450000,2200000,4775000,1325000,Rejected
275,3,Graduate,Yes,425000,1225000,16,591,1175000,250000,1075000,350000,Approved
276,1,Not Graduate,No,1750000,5750000,10,886,3500000,925000,6675000,900000,Approved
277,4,Not Graduate,No,425000,1000000,6,829,0,400000,1300000,425000,Approved
278,0,Not Graduate,No,375000,1225000,12,651,400000,700000,1150000,200000,Approved
279,4,Not Graduate,No,500000,1175000,18,733,925000,925000,1750000,700000,Approved
280,5,Graduate,Yes,975000,3875000,12,433,2375000,1350000,1975000,1150000,Rejected
281,1,Graduate,Yes,225000,900000,14,713,325000,250000,450000,300000,Approved
282,1,Graduate,No,1725000,5625000,18,403,200000,2100000,4225000,1575000,Rejected
283,0,Graduate,Yes,700000,1950000,10,405,1950000,625000,1775000,850000,Rejected
284,3,Graduate,Yes,1700000,4975000,10,516,4000000,1500000,6500000,2125000,Rejected
285,4,Not Graduate,Yes,150000,450000,8,417,425000,175000,450000,200000,Rejected
286,1,Not Graduate,No,1175000,3500000,6,468,2825000,450000,2650000,1150000,Rejected
287,5,Graduate,Yes,750000,2950000,10,672,2175000,900000,2450000,1025000,Approved
288,5,Not Graduate,No,1000000,3475000,6,530,1500000,1400000,3125000,1500000,Rejected
289,1,Not Graduate,Yes,775000,2825000,14,824,925000,1500000,2750000,1100000,Approved
290,1,Not Graduate,Yes,1925000,6375000,12,549,4525000,2650000,5125000,1750000,Rejected
291,5,Not Graduate,Yes,1075000,2325000,10,450,525000,1675000,2500000,1025000,Rejected
292,1,Graduate,Yes,1450000,4875000,20,431,3450000,1250000,3900000,825000,Rejected
293,3,Graduate,Yes,900000,2675000,16,312,575000,400000,3275000,1300000,Rejected
294,0,Not Graduate,Yes,725000,1900000,8,320,2000000,1400000,2400000,775000,Rejected
295,0,Graduate,No,2200000,5050000,4,433,4000000,1050000,7625000,3100000,Rejected
296,1,Not Graduate,Yes,75000,250000,10,431,100000,125000,225000,25000,Rejected
297,5,Not Graduate,Yes,2150000,7225000,8,516,2475000,450000,7550000,1700000,Rejected
298,2,Not Graduate,Yes,875000,3000000,14,476,275000,1700000,3100000,725000,Rejected
299,5,Graduate,No,200000,650000,6,560,25000,50000,750000,250000,Approved
300,2,Graduate,No,2000000,6775000,12,674,3600000,100000,6325000,1600000,Approved
301,0,Not Graduate,Yes,2475000,9550000,6,573,4300000,2500000,5025000,1475000,Approved
302,2,Not Graduate,No,825000,1650000,6,331,1575000,500000,2225000,675000,Rejected
303,4,Graduate,Yes,500000,1675000,12,633,25000,200000,1200000,500000,Approved
304,3,Not Graduate,No,1225000,3225000,18,877,450000,1750000,4475000,825000,Approved
305,5,Not Graduate,Yes,2300000,5900000,12,656,350000,2800000,9100000,1225000,Approved
306,0,Not Graduate,No,1875000,4550000,6,782,1850000,3000000,4950000,1025000,Approved
307,5,Not Graduate,No,2250000,7325000,4,531,2600000,2375000,8875000,1450000,Approved
308,3,Not Graduate,No,350000,1025000,8,455,750000,350000,725000,525000,Rejected
309,3,Graduate,No,2400000,4975000,14,452,1050000,4050000,7125000,1650000,Rejected
310,2,Graduate,No,2100000,8300000,14,474,4900000,3750000,6350000,2875000,Rejected
311,3,Not Graduate,No,1600000,6100000,4,483,1950000,600000,4775000,1125000,Approved
312,4,Graduate,No,1475000,4200000,8,481,1725000,2850000,4875000,825000,Rejected
313,2,Graduate,Yes,550000,1275000,20,859,950000,300000,1600000,775000,Approved
314,4,Graduate,Yes,1400000,3525000,14,696,2250000,2300000,4125000,1700000,Approved
315,4,Not Graduate,No,2450000,7175000,6,778,4150000,1850000,7425000,2775000,Approved
316,4,Graduate,No,1100000,3650000,4,499,325000,1625000,4025000,1425000,Approved
317,2,Not Graduate,Yes,600000,1225000,4,888,1600000,1075000,1275000,850000,Approved
318,1,Graduate,No,1100000,2700000,12,674,2400000,675000,4300000,1325000,Approved
319,4,Graduate,No,925000,3300000,4,802,2450000,600000,3125000,1075000,Approved
320,4,Not Graduate,Yes,575000,1950000,8,540,375000,850000,1175000,700000,Rejected
321,4,Graduate,Yes,1475000,4900000,8,726,4350000,1700000,5025000,2000000,Approved
322,4,Not Graduate,Yes,1600000,5875000,2,485,1825000,675000,5900000,975000,Approved
323,4,Graduate,Yes,1225000,4275000,6,612,325000,1750000,4875000,1250000,Approved
324,3,Not Graduate,Yes,2375000,6050000,8,879,775000,4300000,6600000,3175000,Approved
325,2,Not Graduate,No,1425000,4100000,12,708,925000,200000,3750000,1100000,Approved
326,2,Not Graduate,Yes,675000,1425000,8,850,875000,1250000,2625000,975000,Approved
327,2,Not Graduate,Yes,975000,2825000,12,516,775000,0,2600000,1150000,Rejected
328,0,Not Graduate,No,1950000,7200000,12,465,1175000,1875000,7200000,1850000,Rejected
329,0,Graduate,No,275000,800000,20,716,450000,350000,900000,375000,Approved
330,4,Not Graduate,No,50000,150000,10,404,0,25000,100000,0,Rejected
331,0,Not Graduate,Yes,1175000,2650000,20,512,2100000,1000000,3075000,1750000,Rejected
332,3,Not Graduate,Yes,2050000,5150000,10,441,4025000,2850000,7275000,1525000,Rejected
333,2,Not Graduate,Yes,1150000,4600000,2,555,1925000,600000,3550000,1050000,Approved
334,5,Not Graduate,No,450000,1750000,18,466,650000,525000,1500000,475000,Rejected
335,3,Graduate,Yes,800000,2150000,2,427,975000,450000,1775000,1175000,Rejected
336,4,Not Graduate,Yes,1375000,5000000,14,593,3775000,675000,4975000,1225000,Approved
337,3,Graduate,No,1975000,4575000,10,731,1050000,850000,5550000,2100000,Approved
338,1,Graduate,Yes,1000000,2525000,16,451,1750000,975000,3575000,975000,Rejected
339,3,Not Graduate,Yes,1700000,4225000,18,628,900000,225000,3900000,1225000,Approved
340,1,Not Graduate,No,675000,2350000,18,704,1325000,575000,1600000,600000,Approved
341,2,Not Graduate,No,1700000,5875000,12,341,4825000,2950000,3575000,2125000,Rejected
342,5,Graduate,No,2150000,5250000,8,465,2925000,3725000,4875000,2475000,Rejected
343,4,Graduate,No,2000000,7525000,4,431,2975000,3450000,4700000,2875000,Approved
344,1,Graduate,Yes,925000,3150000,10,424,1350000,275000,3550000,1100000,Rejected
345,0,Graduate,No,650000,1275000,14,678,125000,300000,1500000,775000,Approved
346,4,Graduate,No,1050000,4200000,6,381,2400000,950000,3700000,1475000,Rejected
347,5,Graduate,Yes,2000000,7000000,10,449,4625000,375000,4350000,975000,Rejected
348,1,Not Graduate,No,1775000,5875000,12,768,1600000,3025000,5600000,1825000,Approved
349,0,Not Graduate,No,500000,1750000,6,666,0,300000,1075000,350000,Rejected
350,4,Not Graduate,Yes,1450000,3325000,14,742,4025000,2325000,4075000,1750000,Approved
351,3,Not Graduate,Yes,1675000,3950000,4,445,2625000,1900000,3525000,2275000,Rejected
352,2,Graduate,No,1825000,7175000,14,634,1475000,950000,5300000,2700000,Approved
353,4,Not Graduate,No,825000,2425000,14,782,625000,0,2600000,550000,Approved
354,0,Graduate,No,750000,1750000,10,781,1800000,150000,2925000,675000,Approved
355,4,Not Graduate,No,1975000,4300000,14,318,3550000,2375000,5800000,2250000,Rejected
356,5,Not Graduate,No,1900000,6025000,18,721,5475000,2875000,5725000,1800000,Approved
357,5,Not Graduate,No,925000,2450000,4,563,2375000,1275000,2800000,750000,Approved
358,2,Not Graduate,No,2100000,6575000,4,419,5725000,1975000,7300000,1550000,Approved
359,0,Graduate,Yes,2050000,5200000,14,372,950000,25000,6525000,1300000,Rejected
360,0,Not Graduate,No,725000,2375000,18,885,1075000,575000,1625000,875000,Approved
361,1,Not Graduate,Yes,2475000,9600000,12,596,2500000,2325000,9125000,1700000,Approved
362,0,Graduate,No,1100000,3525000,2,349,825000,325000,2200000,1550000,Approved
363,1,Not Graduate,Yes,2250000,8050000,16,468,1125000,4100000,7150000,2725000,Rejected
364,3,Not Graduate,Yes,1700000,6725000,16,818,3675000,2600000,6575000,1825000,Approved
365,2,Not Graduate,No,2175000,7000000,12,543,4225000,1500000,5725000,1675000,Rejected
366,3,Graduate,No,2350000,5475000,16,685,2025000,1400000,8625000,1250000,Approved
367,3,Not Graduate,Yes,1500000,3125000,18,851,3650000,1250000,4200000,1250000,Approved
368,1,Not Graduate,Yes,2350000,7450000,10,377,6025000,4625000,7725000,2925000,Rejected
369,0,Not Graduate,Yes,250000,1000000,10,620,600000,325000,925000,275000,Approved
370,3,Graduate,Yes,225000,575000,20,611,150000,375000,475000,125000,Approved
371,4,Not Graduate,No,525000,1925000,4,767,300000,425000,1725000,325000,Approved
372,5,Graduate,Yes,275000,800000,20,592,800000,175000,875000,125000,Approved
373,0,Graduate,Yes,150000,575000,4,319,400000,200000,575000,175000,Approved
374,4,Not Graduate,Yes,2300000,6375000,10,900,2350000,2625000,6850000,3200000,Approved
375,2,Not Graduate,Yes,900000,3200000,18,814,2150000,1025000,2575000,1025000,Approved
376,5,Not Graduate,Yes,325000,1250000,10,755,525000,550000,1200000,475000,Approved
377,5,Graduate,Yes,1925000,4200000,20,584,2150000,1200000,5850000,2000000,Approved
378,4,Graduate,Yes,2375000,5875000,14,380,5725000,1675000,6275000,1825000,Rejected
379,2,Not Graduate,Yes,1250000,4400000,20,465,1550000,1300000,4125000,1300000,Rejected
380,0,Not Graduate,No,125000,450000,2,531,325000,125000,475000,175000,Approved
381,1,Graduate,Yes,2075000,8025000,16,814,4625000,675000,7225000,1875000,Approved
382,0,Graduate,No,1325000,4475000,6,678,1175000,975000,3600000,900000,Approved
383,2,Not Graduate,Yes,2325000,7250000,12,655,1975000,1700000,7475000,1225000,Approved
384,3,Not Graduate,No,575000,1850000,2,682,1625000,600000,1900000,525000,Approved
385,1,Not Graduate,No,100000,325000,6,695,50000,125000,200000,25000,Approved
386,3,Not Graduate,No,800000,2700000,4,833,650000,250000,2175000,650000,Approved
387,5,Not Graduate,Yes,2350000,8825000,16,302,1025000,3125000,9250000,3225000,Rejected
388,1,Graduate,No,575000,1650000,2,357,1475000,50000,1500000,550000,Rejected
389,5,Not Graduate,No,1075000,3625000,12,302,3125000,1075000,3125000,1275000,Rejected
390,0,Graduate,Yes,1550000,5600000,18,873,3925000,1650000,3950000,2050000,Approved
391,0,Not Graduate,Yes,1800000,4950000,12,658,3175000,2025000,6250000,1825000,Approved
392,5,Graduate,Yes,600000,2175000,18,877,700000,725000,1775000,275000,Approved
393,3,Not Graduate,No,725000,1575000,8,648,850000,850000,1900000,350000,Approved
394,1,Graduate,No,350000,1300000,12,730,725000,0,925000,175000,Approved
395,4,Not Graduate,Yes,550000,2050000,14,737,1450000,700000,2050000,350000,Approved
396,2,Graduate,Yes,200000,800000,10,584,0,50000,525000,175000,Rejected
397,0,Graduate,No,150000,425000,2,621,100000,100000,500000,50000,Approved
398,4,Graduate,Yes,175000,675000,16,583,275000,300000,350000,75000,Approved
399,2,Not Graduate,No,2100000,6475000,16,621,2150000,3350000,8375000,1050000,Approved
400,2,Not Graduate,No,1775000,5375000,16,610,1450000,3025000,3550000,2325000,Approved
401,4,Graduate,No,1350000,3925000,18,452,3425000,650000,4125000,1650000,Rejected
402,5,Graduate,No,925000,1825000,18,339,2325000,25000,3475000,1325000,Rejected
403,3,Graduate,Yes,1300000,3800000,16,650,325000,1425000,3375000,1025000,Approved
404,4,Not Graduate,Yes,50000,175000,10,672,50000,50000,75000,75000,Approved
405,3,Graduate,No,125000,250000,20,501,200000,200000,225000,50000,Rejected
406,2,Not Graduate,Yes,450000,1425000,4,809,300000,475000,1575000,600000,Approved
407,5,Graduate,Yes,2300000,7350000,8,318,4500000,1475000,8450000,1350000,Rejected
408,4,Not Graduate,No,225000,825000,10,649,0,100000,450000,300000,Approved
409,3,Not Graduate,No,1875000,7075000,12,367,2300000,2825000,5675000,1750000,Rejected
410,5,Not Graduate,No,750000,2950000,6,847,2050000,550000,1775000,575000,Approved
411,5,Graduate,No,1775000,4725000,12,360,2675000,275000,4950000,2125000,Rejected
412,1,Graduate,Yes,875000,1800000,2,865,1025000,800000,2975000,1050000,Approved
413,4,Not Graduate,No,1225000,4700000,16,880,1050000,1175000,3300000,650000,Approved
414,1,Graduate,No,1025000,2100000,20,608,350000,2000000,2500000,1100000,Approved
415,0,Graduate,Yes,200000,525000,6,760,75000,25000,400000,150000,Approved
416,3,Graduate,Yes,425000,1150000,12,385,375000,325000,1300000,425000,Rejected
417,0,Graduate,Yes,1525000,5825000,12,478,950000,575000,4425000,1225000,Rejected
418,1,Graduate,Yes,525000,1925000,16,327,1250000,125000,1175000,575000,Rejected
419,0,Graduate,No,775000,2325000,6,663,325000,350000,2025000,950000,Approved
420,2,Not Graduate,Yes,425000,875000,20,693,550000,350000,1200000,425000,Approved
421,3,Graduate,No,425000,1350000,6,710,1200000,175000,1450000,425000,Approved
422,4,Not Graduate,Yes,1000000,3625000,6,711,600000,1425000,2725000,1025000,Approved
423,5,Graduate,No,1400000,4600000,8,386,2825000,1675000,2825000,1400000,Rejected
424,4,Graduate,Yes,975000,2975000,10,855,2550000,1000000,2550000,700000,Approved
425,4,Graduate,Yes,1525000,3825000,14,573,275000,2475000,3325000,2100000,Approved
426,0,Graduate,Yes,275000,700000,18,431,125000,75000,1075000,350000,Rejected
427,2,Graduate,No,1375000,3700000,8,364,3250000,1125000,3150000,1125000,Rejected
428,4,Graduate,Yes,275000,900000,14,711,625000,125000,900000,150000,Approved
429,4,Not Graduate,Yes,100000,225000,20,771,250000,125000,400000,125000,Approved
430,3,Graduate,No,2300000,9100000,18,669,775000,3175000,7725000,3075000,Approved
431,4,Not Graduate,Yes,2325000,6875000,18,338,5375000,125000,8725000,1650000,Rejected
432,1,Graduate,No,275000,875000,8,562,575000,300000,800000,125000,Approved
433,3,Not Graduate,No,1400000,4675000,2,769,2000000,2050000,4325000,1200000,Approved
434,0,Graduate,Yes,1575000,5375000,8,629,150000,850000,5500000,1300000,Approved
435,3,Graduate,No,2200000,4525000,6,699,1600000,525000,4625000,2350000,Approved
436,0,Not Graduate,No,2100000,5200000,20,590,1275000,2225000,8025000,2700000,Approved
437,3,Graduate,Yes,400000,1425000,4,707,825000,675000,1550000,575000,Approved
438,3,Not Graduate,Yes,1125000,2850000,8,391,2125000,1700000,2475000,1125000,Rejected
439,5,Not Graduate,No,1625000,4625000,4,891,3400000,825000,5900000,1775000,Approved
440,3,Graduate,Yes,2375000,5150000,2,731,3350000,950000,5175000,2300000,Approved
441,3,Not Graduate,No,1175000,4175000,12,775,1000000,425000,4325000,875000,Approved
442,5,Graduate,Yes,2400000,8100000,2,897,875000,3850000,6700000,1550000,Approved
443,5,Graduate,No,2000000,6675000,20,794,2000000,3675000,7475000,1950000,Approved
444,2,Graduate,No,1925000,4175000,6,555,3225000,725000,4525000,2125000,Approved
445,1,Not Graduate,Yes,900000,2575000,12,536,1700000,125000,3050000,675000,Rejected
446,2,Not Graduate,No,175000,425000,10,839,25000,175000,500000,225000,Approved
447,0,Graduate,Yes,350000,1275000,6,890,1025000,475000,1300000,475000,Approved
448,1,Graduate,Yes,2150000,6975000,20,415,3050000,3700000,6775000,1975000,Rejected
449,4,Graduate,No,1175000,3925000,4,868,825000,625000,3450000,1200000,Approved
450,3,Graduate,Yes,725000,1450000,12,353,2100000,650000,2525000,775000,Rejected
451,4,Not Graduate,No,2250000,7250000,16,590,1150000,3900000,7300000,3075000,Approved
452,5,Graduate,Yes,125000,225000,18,618,350000,150000,300000,100000,Approved
453,2,Not Graduate,Yes,175000,425000,10,539,350000,250000,475000,225000,Rejected
454,0,Graduate,No,1700000,6750000,4,429,4275000,1900000,5350000,2350000,Approved
455,2,Graduate,No,450000,1175000,8,792,1125000,300000,1025000,550000,Approved
456,0,Not Graduate,No,1500000,3100000,2,608,750000,525000,4475000,1700000,Approved
457,4,Graduate,Yes,1350000,5375000,14,555,1075000,375000,3575000,1875000,Approved
458,5,Graduate,Yes,2100000,4375000,12,620,3825000,3400000,6500000,1450000,Approved
459,0,Graduate,No,1850000,5225000,6,635,3900000,3500000,5250000,1800000,Approved
460,2,Graduate,No,800000,3125000,10,457,1525000,500000,2050000,1075000,Rejected
461,1,Graduate,Yes,1350000,5350000,8,350,650000,250000,4925000,1700000,Rejected
462,5,Graduate,Yes,250000,625000,14,885,550000,25000,575000,275000,Approved
463,0,Graduate,No,1100000,3675000,16,638,1000000,675000,3600000,675000,Approved
464,1,Graduate,Yes,950000,2625000,12,710,450000,1550000,3125000,625000,Approved
465,3,Not Graduate,Yes,1525000,5225000,18,470,125000,2125000,4500000,1875000,Rejected
466,5,Not Graduate,Yes,1375000,4325000,16,874,250000,725000,3425000,1975000,Approved
467,5,Not Graduate,Yes,125000,450000,18,411,250000,125000,325000,50000,Rejected
468,0,Not Graduate,Yes,75000,275000,2,482,50000,25000,275000,100000,Approved
469,1,Graduate,Yes,1550000,4225000,2,396,2650000,1875000,5925000,1900000,Rejected
470,0,Not Graduate,No,75000,225000,20,436,0,100000,150000,50000,Rejected
471,0,Not Graduate,Yes,1725000,5525000,20,303,3400000,1150000,5500000,1725000,Rejected
472,4,Graduate,No,925000,2850000,12,728,1050000,1450000,1825000,575000,Approved
473,3,Not Graduate,Yes,2200000,7150000,10,775,1300000,1250000,8000000,2400000,Approved
474,5,Graduate,Yes,2050000,5875000,12,402,3775000,375000,6075000,1450000,Rejected
475,1,Not Graduate,Yes,2300000,7875000,18,698,1325000,1525000,5100000,2075000,Approved
476,0,Not Graduate,No,600000,1950000,14,665,1300000,725000,1550000,725000,Approved
477,4,Not Graduate,No,1025000,3375000,18,490,1175000,1550000,3475000,500000,Rejected
478,1,Graduate,No,2000000,7975000,12,504,5950000,375000,5525000,1500000,Rejected
479,3,Not Graduate,Yes,900000,2150000,8,790,1350000,1475000,2450000,1300000,Approved
480,1,Not Graduate,Yes,175000,675000,20,669,25000,250000,650000,125000,Approved
481,4,Not Graduate,No,2075000,7675000,6,381,5425000,575000,6675000,1150000,Rejected
482,0,Graduate,Yes,1325000,3750000,2,900,425000,525000,5250000,1450000,Approved
483,4,Graduate,No,2075000,6225000,16,506,3850000,1400000,6675000,1750000,Rejected
484,3,Not Graduate,Yes,625000,2200000,12,538,1225000,450000,2275000,825000,Rejected
485,3,Graduate,Yes,1350000,3600000,8,677,2750000,1975000,5200000,775000,Approved
486,4,Graduate,No,400000,1225000,8,685,800000,500000,950000,375000,Approved
487,2,Not Graduate,No,600000,1550000,12,860,1225000,925000,2375000,275000,Approved
488,5,Not Graduate,No,1575000,3700000,6,608,4025000,2625000,5450000,1350000,Approved
489,4,Graduate,Yes,625000,1325000,10,540,575000,700000,1775000,425000,Rejected
490,0,Graduate,Yes,1875000,4200000,16,492,5375000,1200000,6350000,2775000,Rejected
491,3,Not Graduate,No,725000,2125000,14,834,300000,1125000,2200000,450000,Approved
492,3,Graduate,Yes,250000,875000,16,834,200000,425000,750000,175000,Approved
493,2,Graduate,Yes,2150000,7200000,8,890,5825000,1475000,5300000,1800000,Approved
494,1,Not Graduate,No,75000,275000,12,443,150000,100000,300000,50000,Rejected
495,5,Not Graduate,No,575000,1425000,18,329,1400000,825000,1225000,675000,Rejected
496,2,Not Graduate,Yes,600000,1350000,12,739,75000,625000,1250000,750000,Approved
497,5,Graduate,Yes,2450000,7575000,6,867,5200000,4000000,7550000,1900000,Approved
498,2,Not Graduate,No,2025000,6200000,6,307,50000,1000000,7775000,2625000,Rejected
499,3,Graduate,No,1675000,3875000,18,492,525000,500000,6575000,2350000,Rejected
500,1,Not Graduate,Yes,2100000,6175000,18,698,5750000,3300000,8175000,3050000,Approved
501,2,Graduate,No,50000,175000,8,851,100000,50000,200000,50000,Approved
502,2,Graduate,No,1175000,3125000,14,375,325000,1575000,2525000,1350000,Rejected
503,0,Graduate,Yes,1075000,3575000,14,601,950000,225000,4175000,1425000,Approved
504,4,Not Graduate,No,550000,1750000,20,756,900000,975000,1425000,300000,Approved
505,4,Graduate,Yes,2150000,4800000,4,868,5100000,375000,8200000,2325000,Approved
506,4,Graduate,Yes,500000,1800000,10,838,625000,75000,1900000,250000,Approved
507,4,Not Graduate,Yes,1050000,3975000,14,375,1800000,1975000,4050000,750000,Rejected
508,0,Not Graduate,Yes,1275000,3125000,18,778,825000,250000,3700000,800000,Approved
509,2,Graduate,Yes,1025000,2800000,6,442,3050000,1025000,2500000,1125000,Rejected
510,1,Graduate,Yes,2475000,9875000,12,808,2950000,925000,7550000,3375000,Approved
511,1,Not Graduate,Yes,800000,2250000,20,372,675000,700000,1800000,950000,Rejected
512,2,Graduate,No,1375000,4750000,4,597,275000,1000000,4675000,1325000,Approved
513,0,Graduate,Yes,1950000,7275000,20,435,5275000,3250000,4325000,2425000,Rejected
514,3,Graduate,Yes,850000,2425000,20,728,375000,375000,1825000,600000,Approved
515,4,Graduate,Yes,1975000,6475000,14,373,2725000,3575000,6925000,1900000,Rejected
516,3,Graduate,Yes,2225000,4625000,10,367,1525000,0,8000000,2575000,Rejected
517,2,Graduate,No,1825000,4775000,14,552,500000,3350000,4200000,1000000,Approved
518,4,Not Graduate,Yes,825000,2650000,8,465,125000,1100000,1825000,700000,Rejected
519,4,Graduate,Yes,725000,2625000,8,607,1100000,1375000,1900000,950000,Approved
520,2,Graduate,Yes,125000,325000,4,427,350000,125000,450000,150000,Rejected
521,3,Not Graduate,No,1800000,5300000,4,711,2700000,1050000,6225000,1425000,Approved
522,3,Not Graduate,No,2075000,6025000,14,823,1475000,175000,6000000,1925000,Approved
523,1,Not Graduate,Yes,2175000,5125000,6,523,4825000,1625000,5925000,1200000,Rejected
524,4,Not Graduate,Yes,1775000,6975000,10,328,2250000,3350000,6625000,1925000,Rejected
525,3,Graduate,Yes,2450000,7050000,12,721,3950000,1625000,5475000,2400000,Approved
526,0,Graduate,Yes,1725000,4250000,20,599,4525000,2350000,6650000,1075000,Approved
527,0,Not Graduate,No,600000,1250000,14,580,1475000,1100000,1375000,800000,Approved
528,1,Not Graduate,Yes,525000,1225000,10,744,50000,500000,1350000,250000,Approved
529,2,Graduate,Yes,1800000,5975000,4,559,1050000,3050000,4450000,2700000,Approved
530,2,Graduate,No,1150000,3375000,16,587,1925000,1475000,2650000,1250000,Approved
531,5,Graduate,Yes,2475000,7950000,18,817,5850000,175000,8150000,2875000,Approved
532,4,Not Graduate,Yes,75000,250000,20,655,0,25000,275000,100000,Approved
533,5,Graduate,Yes,1725000,5975000,6,382,4275000,1725000,5375000,2225000,Rejected
534,2,Graduate,Yes,425000,1075000,6,765,1250000,375000,850000,225000,Approved
535,2,Graduate,Yes,1100000,2500000,20,516,1850000,1900000,3050000,1275000,Rejected
536,4,Not Graduate,Yes,1075000,3750000,8,383,1175000,25000,2250000,1225000,Rejected
537,2,Not Graduate,No,925000,3525000,6,633,200000,50000,2825000,850000,Approved
538,1,Graduate,No,1475000,3800000,2,547,4275000,500000,3675000,900000,Rejected
539,5,Not Graduate,Yes,2150000,6575000,10,843,5825000,2450000,4525000,2825000,Approved
540,3,Not Graduate,Yes,850000,3300000,8,783,1625000,75000,3250000,1225000,Approved
541,3,Not Graduate,Yes,250000,800000,14,790,475000,25000,900000,275000,Approved
542,1,Not Graduate,Yes,1100000,3550000,16,409,3175000,325000,3150000,1125000,Rejected
543,0,Not Graduate,No,900000,1950000,14,376,2450000,1725000,2975000,750000,Rejected
544,3,Not Graduate,No,350000,675000,8,625,775000,450000,850000,250000,Approved
545,0,Not Graduate,No,1325000,2725000,18,707,3225000,650000,3175000,1900000,Approved
546,3,Graduate,Yes,2350000,5125000,6,645,4350000,3250000,6125000,2550000,Approved
547,4,Not Graduate,Yes,1650000,5525000,6,887,900000,875000,4950000,1175000,Approved
548,5,Graduate,No,2450000,9400000,18,319,4800000,1275000,4975000,1275000,Rejected
549,1,Not Graduate,No,475000,1225000,20,647,1025000,525000,1700000,425000,Approved
550,2,Not Graduate,Yes,1450000,5625000,6,888,2975000,650000,4275000,1200000,Approved
551,2,Not Graduate,No,775000,2600000,10,420,1725000,1475000,2500000,875000,Rejected
552,0,Graduate,No,1700000,4600000,2,791,1000000,225000,5050000,2475000,Approved
553,5,Not Graduate,No,1150000,4050000,12,891,1475000,300000,2700000,925000,Approved
554,2,Not Graduate,Yes,50000,175000,16,641,150000,50000,150000,25000,Approved
555,3,Not Graduate,Yes,2375000,5700000,6,319,50000,4700000,8525000,2350000,Rejected
556,5,Not Graduate,Yes,1550000,5550000,20,819,3375000,1650000,5425000,2175000,Approved
557,4,Not Graduate,Yes,2425000,8075000,18,387,2900000,3575000,5000000,1350000,Rejected
558,5,Graduate,Yes,1050000,3075000,2,686,2625000,50000,3900000,1050000,Approved
559,1,Graduate,Yes,1425000,3000000,4,415,3925000,225000,4325000,1850000,Rejected
560,2,Graduate,Yes,50000,125000,6,885,0,0,75000,50000,Rejected
561,4,Graduate,No,2000000,6375000,4,722,4300000,3475000,6550000,1225000,Approved
562,4,Graduate,No,1300000,5100000,20,761,1175000,400000,3575000,1550000,Approved
563,1,Graduate,Yes,1775000,3800000,8,389,1475000,225000,6075000,1475000,Rejected
564,1,Graduate,Yes,2325000,6975000,12,600,525000,1050000,7250000,1650000,Approved
565,5,Graduate,No,500000,1525000,2,407,475000,475000,1150000,500000,Approved
566,3,Graduate,Yes,975000,3500000,18,829,1300000,1000000,2900000,675000,Approved
567,2,Not Graduate,No,700000,1475000,6,895,250000,975000,2725000,375000,Approved
568,5,Graduate,Yes,750000,2775000,12,441,2125000,625000,1825000,500000,Rejected
569,4,Not Graduate,No,1125000,2450000,16,895,2450000,2050000,3475000,1375000,Approved
570,4,Graduate,No,475000,1075000,4,826,600000,0,1750000,225000,Approved
571,1,Graduate,No,575000,1800000,8,453,750000,525000,2025000,850000,Rejected
572,0,Graduate,No,1175000,4375000,2,701,1350000,575000,2925000,1750000,Approved
573,2,Not Graduate,Yes,325000,675000,8,627,25000,75000,650000,325000,Approved
574,3,Graduate,No,775000,2750000,2,543,1475000,550000,2250000,600000,Approved
575,0,Graduate,No,2100000,4375000,18,411,3300000,1325000,7825000,2600000,Rejected
576,5,Graduate,Yes,425000,1450000,4,583,500000,450000,1500000,575000,Approved
577,2,Not Graduate,No,475000,1875000,2,889,150000,275000,1775000,650000,Approved
578,3,Not Graduate,No,600000,2150000,8,684,850000,600000,1550000,400000,Approved
579,5,Graduate,No,1700000,5125000,10,578,125000,2950000,6800000,850000,Approved
580,1,Graduate,No,725000,2725000,20,445,1650000,700000,2325000,650000,Rejected
581,4,Graduate,Yes,2225000,6575000,10,369,5975000,1750000,6850000,3025000,Rejected
582,1,Not Graduate,No,2200000,5550000,18,794,2100000,2975000,5250000,2625000,Approved
583,0,Graduate,Yes,2050000,4800000,16,492,4125000,2300000,5000000,1800000,Rejected
584,3,Not Graduate,Yes,900000,3300000,16,557,2450000,1000000,2475000,525000,Approved
585,4,Graduate,Yes,2375000,7950000,6,519,1475000,325000,7100000,3050000,Rejected
586,0,Not Graduate,Yes,475000,1425000,18,699,1375000,50000,1625000,500000,Approved
587,3,Not Graduate,Yes,2275000,6150000,2,741,2000000,1000000,8875000,3400000,Approved
588,5,Graduate,No,275000,950000,18,508,50000,450000,575000,225000,Rejected
589,5,Not Graduate,Yes,275000,700000,10,647,675000,500000,1075000,350000,Approved
590,1,Graduate,No,2325000,7150000,14,656,4325000,2275000,6850000,3125000,Approved
591,4,Graduate,Yes,975000,2650000,2,439,75000,1900000,3700000,625000,Rejected
592,5,Not Graduate,Yes,375000,1000000,12,350,725000,475000,1100000,300000,Rejected
593,5,Graduate,No,200000,550000,6,493,225000,125000,700000,250000,Rejected
594,4,Graduate,No,150000,450000,6,851,25000,275000,525000,200000,Approved
595,2,Graduate,No,1100000,3125000,18,492,1975000,300000,2525000,675000,Rejected
596,4,Graduate,Yes,675000,1350000,6,861,1575000,600000,1675000,675000,Approved
597,3,Not Graduate,Yes,1550000,3650000,2,664,4575000,2100000,4200000,1650000,Approved
598,5,Graduate,Yes,175000,325000,16,362,525000,325000,500000,250000,Rejected
599,0,Graduate,No,850000,2350000,6,703,150000,1500000,2150000,650000,Approved
600,1,Not Graduate,Yes,1225000,4200000,12,758,425000,675000,2775000,1475000,Approved
